<ImportExportXml version="8.2.0014.0010" SolutionPackageVersion="8.2" languagecode="1033" generatedBy="OnPremise" xmlns:xsi="http://www.w3.org/2001/XMLSchema-instance">
  <SolutionManifest>
    <UniqueName>MaintenanceIn</UniqueName>
    <LocalizedNames>
      <LocalizedName description="MaintenanceIn" languagecode="1033" />
    </LocalizedNames>
    <Descriptions>
      <Description description="Maintenance Plan of Solutions&#xA;&#xA;Log Change:&#xA;1.0.0.0:&#xA;پشتیبان گیری دستی از پایگاه داده" languagecode="1033" />
    </Descriptions>
    <Version>1.0.0.0</Version>
    <Managed>0</Managed>
    <Publisher>
      <UniqueName>KitGroup</UniqueName>
      <LocalizedNames>
        <LocalizedName description="KitGroup" languagecode="1033" />
      </LocalizedNames>
      <Descriptions />
      <EMailAddress>info@kitgroup.ir</EMailAddress>
      <SupportingWebsiteUrl>http://kitgroup.ir</SupportingWebsiteUrl>
      <CustomizationPrefix>kit</CustomizationPrefix>
      <CustomizationOptionValuePrefix>10000</CustomizationOptionValuePrefix>
      <Addresses>
        <Address>
          <AddressNumber>1</AddressNumber>
          <AddressTypeCode>1</AddressTypeCode>
          <City>Mashhad</City>
          <County xsi:nil="true"></County>
          <Country>IRAN</Country>
          <Fax xsi:nil="true"></Fax>
          <FreightTermsCode xsi:nil="true"></FreightTermsCode>
          <ImportSequenceNumber xsi:nil="true"></ImportSequenceNumber>
          <Latitude xsi:nil="true"></Latitude>
          <Line1>Unit 2, 7th floor, Aseman Tower</Line1>
          <Line2>Janbaz Sq</Line2>
          <Line3 xsi:nil="true"></Line3>
          <Longitude xsi:nil="true"></Longitude>
          <Name xsi:nil="true"></Name>
          <PostalCode xsi:nil="true"></PostalCode>
          <PostOfficeBox xsi:nil="true"></PostOfficeBox>
          <PrimaryContactName xsi:nil="true"></PrimaryContactName>
          <ShippingMethodCode>1</ShippingMethodCode>
          <StateOrProvince>Khorasan Razavi</StateOrProvince>
          <Telephone1>051 37638311-12</Telephone1>
          <Telephone2 xsi:nil="true"></Telephone2>
          <Telephone3 xsi:nil="true"></Telephone3>
          <TimeZoneRuleVersionNumber xsi:nil="true"></TimeZoneRuleVersionNumber>
          <UPSZone xsi:nil="true"></UPSZone>
          <UTCOffset xsi:nil="true"></UTCOffset>
          <UTCConversionTimeZoneCode xsi:nil="true"></UTCConversionTimeZoneCode>
        </Address>
        <Address>
          <AddressNumber>2</AddressNumber>
          <AddressTypeCode>1</AddressTypeCode>
          <City xsi:nil="true"></City>
          <County xsi:nil="true"></County>
          <Country xsi:nil="true"></Country>
          <Fax xsi:nil="true"></Fax>
          <FreightTermsCode xsi:nil="true"></FreightTermsCode>
          <ImportSequenceNumber xsi:nil="true"></ImportSequenceNumber>
          <Latitude xsi:nil="true"></Latitude>
          <Line1 xsi:nil="true"></Line1>
          <Line2 xsi:nil="true"></Line2>
          <Line3 xsi:nil="true"></Line3>
          <Longitude xsi:nil="true"></Longitude>
          <Name xsi:nil="true"></Name>
          <PostalCode xsi:nil="true"></PostalCode>
          <PostOfficeBox xsi:nil="true"></PostOfficeBox>
          <PrimaryContactName xsi:nil="true"></PrimaryContactName>
          <ShippingMethodCode>1</ShippingMethodCode>
          <StateOrProvince xsi:nil="true"></StateOrProvince>
          <Telephone1 xsi:nil="true"></Telephone1>
          <Telephone2 xsi:nil="true"></Telephone2>
          <Telephone3 xsi:nil="true"></Telephone3>
          <TimeZoneRuleVersionNumber xsi:nil="true"></TimeZoneRuleVersionNumber>
          <UPSZone xsi:nil="true"></UPSZone>
          <UTCOffset xsi:nil="true"></UTCOffset>
          <UTCConversionTimeZoneCode xsi:nil="true"></UTCConversionTimeZoneCode>
        </Address>
      </Addresses>
    </Publisher>
    <RootComponents>
      <RootComponent type="1" schemaName="kit_basesetting" behavior="0" />
      <RootComponent type="1" schemaName="kit_plan" behavior="0" />
      <RootComponent type="60" id="{487400ae-344d-420b-92c8-204de95a3c2d}" behavior="0" />
      <RootComponent type="60" id="{95b84040-0593-4fdc-af46-6b5d25309541}" behavior="0" />
      <RootComponent type="61" schemaName="kit_Maintenance_16_PNG" behavior="0" />
      <RootComponent type="61" schemaName="kit_Maintenance_32_PNG" behavior="0" />
      <RootComponent type="91" schemaName="MaintenanceIn.MaintenanceInPlugins, Version=1.3.0.0, Culture=neutral, PublicKeyToken=b5ba1799ee855d54" behavior="0" />
      <RootComponent type="92" id="{3b338be5-d84f-ea11-8b9e-000c29beed3d}" behavior="0" />
    </RootComponents>
    <MissingDependencies />
  </SolutionManifest>
</ImportExportXml>